obsnme,obsval,weight,obgnme
gage_1_20151231,1073.5,0.0,gage
gage_1_20160131,1428.3,0.005,gage
gage_1_20160229,1561.2,0.005,gage
gage_1_20160331,1522.0,0.005,gage
gage_1_20160430,1333.5,0.005,gage
gage_1_20160531,1079.6,0.005,gage
gage_1_20160630,861.92,0.005,gage
gage_1_20160731,645.68,0.005,gage
gage_1_20160831,408.6,0.005,gage
gage_1_20160930,277.13,0.005,gage
gage_1_20161031,303.96,0.005,gage
gage_1_20161130,470.76,0.005,gage
gage_1_20161231,661.34,0.005,gage
gage_1_20170131,1101.9,0.0,gage
gage_1_20170228,1229.5,0.0,gage
gage_1_20170331,1196.7,0.0,gage
gage_1_20170430,1023.6,0.0,gage
gage_1_20170531,773.42,0.0,gage
gage_1_20170630,539.85,0.0,gage
gage_1_20170731,305.33,0.0,gage
gage_1_20170831,127.26,0.0,gage
gage_1_20170930,118.12,0.0,gage
gage_1_20171031,165.86,0.0,gage
gage_1_20171130,387.46,0.0,gage
gage_1_20171231,786.65,0.0,gage
headwater_20151231,-558.11,0.0,headwater
headwater_20160131,-760.49,0.0,headwater
headwater_20160229,-843.51,0.0,headwater
headwater_20160331,-833.07,0.0,headwater
headwater_20160430,-753.49,0.0,headwater
headwater_20160531,-617.25,0.0,headwater
headwater_20160630,-505.97,0.0,headwater
headwater_20160731,-380.88,0.0,headwater
headwater_20160831,-232.54,0.0,headwater
headwater_20160930,-123.69,0.0,headwater
headwater_20161031,-111.33,0.0,headwater
headwater_20161130,-207.97,0.0,headwater
headwater_20161231,-306.37,0.0,headwater
headwater_20170131,-561.95,0.0,headwater
headwater_20170228,-649.22,0.0,headwater
headwater_20170331,-637.68,0.0,headwater
headwater_20170430,-546.31,0.0,headwater
headwater_20170531,-395.57,0.0,headwater
headwater_20170630,-238.59,0.0,headwater
headwater_20170731,-84.16,0.0,headwater
headwater_20170831,22.291999999999998,0.0,headwater
headwater_20170930,50.585,0.0,headwater
headwater_20171031,66.632,0.0,headwater
headwater_20171130,-73.1,0.0,headwater
headwater_20171231,-323.26,0.0,headwater
in_ghb_flx_20151231,0.0,0.0,in_ghb
in_ghb_flx_20160131,0.0,0.0,in_ghb
in_ghb_flx_20160229,0.0,0.0,in_ghb
in_ghb_flx_20160331,0.0,0.0,in_ghb
in_ghb_flx_20160430,0.0,0.0,in_ghb
in_ghb_flx_20160531,0.0,0.0,in_ghb
in_ghb_flx_20160630,0.0,0.0,in_ghb
in_ghb_flx_20160731,0.0,0.0,in_ghb
in_ghb_flx_20160831,0.0,0.0,in_ghb
in_ghb_flx_20160930,0.0,0.0,in_ghb
in_ghb_flx_20161031,0.0,0.0,in_ghb
in_ghb_flx_20161130,0.0,0.0,in_ghb
in_ghb_flx_20161231,0.0,0.0,in_ghb
in_ghb_flx_20170131,0.0,0.0,in_ghb
in_ghb_flx_20170228,0.0,0.0,in_ghb
in_ghb_flx_20170331,0.0,0.0,in_ghb
in_ghb_flx_20170430,0.0,0.0,in_ghb
in_ghb_flx_20170531,0.0,0.0,in_ghb
in_ghb_flx_20170630,0.0,0.0,in_ghb
in_ghb_flx_20170731,0.0,0.0,in_ghb
in_ghb_flx_20170831,0.0,0.0,in_ghb
in_ghb_flx_20170930,0.0,0.0,in_ghb
in_ghb_flx_20171031,0.0,0.0,in_ghb
in_ghb_flx_20171130,0.0,0.0,in_ghb
in_ghb_flx_20171231,0.0,0.0,in_ghb
in_rch_flx_20151231,2324.38,0.0,in_rch
in_rch_flx_20160131,3483.03,0.0,in_rch
in_rch_flx_20160229,2934.2,0.0,in_rch
in_rch_flx_20160331,2512.71,0.0,in_rch
in_rch_flx_20160430,2044.45,0.0,in_rch
in_rch_flx_20160531,1560.79,0.0,in_rch
in_rch_flx_20160630,1239.67,0.0,in_rch
in_rch_flx_20160731,1038.98,0.0,in_rch
in_rch_flx_20160831,786.85,0.0,in_rch
in_rch_flx_20160930,1067.62,0.0,in_rch
in_rch_flx_20161031,1561.39,0.0,in_rch
in_rch_flx_20161130,2065.57,0.0,in_rch
in_rch_flx_20161231,2235.27,0.0,in_rch
in_rch_flx_20170131,3735.67,0.0,in_rch
in_rch_flx_20170228,2654.88,0.0,in_rch
in_rch_flx_20170331,2098.73,0.0,in_rch
in_rch_flx_20170430,1501.58,0.0,in_rch
in_rch_flx_20170531,1125.65,0.0,in_rch
in_rch_flx_20170630,1317.11,0.0,in_rch
in_rch_flx_20170731,1090.64,0.0,in_rch
in_rch_flx_20170831,1211.3,0.0,in_rch
in_rch_flx_20170930,1671.6,0.0,in_rch
in_rch_flx_20171031,1864.41,0.0,in_rch
in_rch_flx_20171130,2191.6,0.0,in_rch
in_rch_flx_20171231,3011.06,0.0,in_rch
in_sfr_flx_20151231,0.0,0.0,in_sfr
in_sfr_flx_20160131,0.0,0.0,in_sfr
in_sfr_flx_20160229,0.0,0.0,in_sfr
in_sfr_flx_20160331,0.0,0.0,in_sfr
in_sfr_flx_20160430,0.0,0.0,in_sfr
in_sfr_flx_20160531,0.0,0.0,in_sfr
in_sfr_flx_20160630,0.0,0.0,in_sfr
in_sfr_flx_20160731,0.0,0.0,in_sfr
in_sfr_flx_20160831,0.0,0.0,in_sfr
in_sfr_flx_20160930,0.0,0.0,in_sfr
in_sfr_flx_20161031,0.2488,0.0,in_sfr
in_sfr_flx_20161130,0.0,0.0,in_sfr
in_sfr_flx_20161231,0.0,0.0,in_sfr
in_sfr_flx_20170131,0.0,0.0,in_sfr
in_sfr_flx_20170228,0.0,0.0,in_sfr
in_sfr_flx_20170331,0.0,0.0,in_sfr
in_sfr_flx_20170430,0.0,0.0,in_sfr
in_sfr_flx_20170531,0.0,0.0,in_sfr
in_sfr_flx_20170630,0.0,0.0,in_sfr
in_sfr_flx_20170731,3.7335,0.0,in_sfr
in_sfr_flx_20170831,39.8209,0.0,in_sfr
in_sfr_flx_20170930,61.2275,0.0,in_sfr
in_sfr_flx_20171031,84.2601,0.0,in_sfr
in_sfr_flx_20171130,3.5808,0.0,in_sfr
in_sfr_flx_20171231,0.0,0.0,in_sfr
in_ss_flx_20151231,0.0,0.0,in_ss
in_ss_flx_20160131,0.0,0.0,in_ss
in_ss_flx_20160229,0.0,0.0,in_ss
in_ss_flx_20160331,1.5169,0.0,in_ss
in_ss_flx_20160430,9.9502,0.0,in_ss
in_ss_flx_20160531,12.0645,0.0,in_ss
in_ss_flx_20160630,11.6676,0.0,in_ss
in_ss_flx_20160731,12.5204,0.0,in_ss
in_ss_flx_20160831,14.6131,0.0,in_ss
in_ss_flx_20160930,8.3888,0.0,in_ss
in_ss_flx_20161031,1.1041,0.0,in_ss
in_ss_flx_20161130,0.0010632,0.0,in_ss
in_ss_flx_20161231,0.0,0.0,in_ss
in_ss_flx_20170131,0.0,0.0,in_ss
in_ss_flx_20170228,0.0034085,0.0,in_ss
in_ss_flx_20170331,1.725,0.0,in_ss
in_ss_flx_20170430,9.5441,0.0,in_ss
in_ss_flx_20170531,12.7476,0.0,in_ss
in_ss_flx_20170630,11.4555,0.0,in_ss
in_ss_flx_20170731,11.82,0.0,in_ss
in_ss_flx_20170831,10.9352,0.0,in_ss
in_ss_flx_20170930,3.1178,0.0,in_ss
in_ss_flx_20171031,0.019851,0.0,in_ss
in_ss_flx_20171130,0.0,0.0,in_ss
in_ss_flx_20171231,0.0,0.0,in_ss
in_sy_flx_20151231,0.0,0.0,in_sy
in_sy_flx_20160131,0.0,0.0,in_sy
in_sy_flx_20160229,0.0,0.0,in_sy
in_sy_flx_20160331,58.1295,0.0,in_sy
in_sy_flx_20160430,658.927,0.0,in_sy
in_sy_flx_20160531,900.181,0.0,in_sy
in_sy_flx_20160630,936.8639999999999,0.0,in_sy
in_sy_flx_20160731,1041.71,0.0,in_sy
in_sy_flx_20160831,1174.68,0.0,in_sy
in_sy_flx_20160930,785.2439999999999,0.0,in_sy
in_sy_flx_20161031,179.775,0.0,in_sy
in_sy_flx_20161130,4.1318,0.0,in_sy
in_sy_flx_20161231,0.0,0.0,in_sy
in_sy_flx_20170131,0.0,0.0,in_sy
in_sy_flx_20170228,0.1259,0.0,in_sy
in_sy_flx_20170331,64.1672,0.0,in_sy
in_sy_flx_20170430,602.82,0.0,in_sy
in_sy_flx_20170531,916.7810000000001,0.0,in_sy
in_sy_flx_20170630,916.442,0.0,in_sy
in_sy_flx_20170731,975.174,0.0,in_sy
in_sy_flx_20170831,884.654,0.0,in_sy
in_sy_flx_20170930,320.98400000000004,0.0,in_sy
in_sy_flx_20171031,18.7123,0.0,in_sy
in_sy_flx_20171130,0.0,0.0,in_sy
in_sy_flx_20171231,0.0,0.0,in_sy
in_wel_flx_20151231,0.0,0.0,in_wel
in_wel_flx_20160131,0.0,0.0,in_wel
in_wel_flx_20160229,0.0,0.0,in_wel
in_wel_flx_20160331,0.0,0.0,in_wel
in_wel_flx_20160430,0.0,0.0,in_wel
in_wel_flx_20160531,0.0,0.0,in_wel
in_wel_flx_20160630,0.0,0.0,in_wel
in_wel_flx_20160731,0.0,0.0,in_wel
in_wel_flx_20160831,0.0,0.0,in_wel
in_wel_flx_20160930,0.0,0.0,in_wel
in_wel_flx_20161031,0.0,0.0,in_wel
in_wel_flx_20161130,0.0,0.0,in_wel
in_wel_flx_20161231,0.0,0.0,in_wel
in_wel_flx_20170131,0.0,0.0,in_wel
in_wel_flx_20170228,0.0,0.0,in_wel
in_wel_flx_20170331,0.0,0.0,in_wel
in_wel_flx_20170430,0.0,0.0,in_wel
in_wel_flx_20170531,0.0,0.0,in_wel
in_wel_flx_20170630,0.0,0.0,in_wel
in_wel_flx_20170731,0.0,0.0,in_wel
in_wel_flx_20170831,0.0,0.0,in_wel
in_wel_flx_20170930,0.0,0.0,in_wel
in_wel_flx_20171031,0.0,0.0,in_wel
in_wel_flx_20171130,0.0,0.0,in_wel
in_wel_flx_20171231,0.0,0.0,in_wel
out_ghb_flx_20151231,316.005,0.0,out_ghb
out_ghb_flx_20160131,397.413,0.0,out_ghb
out_ghb_flx_20160229,413.459,0.0,out_ghb
out_ghb_flx_20160331,388.957,0.0,out_ghb
out_ghb_flx_20160430,323.08299999999997,0.0,out_ghb
out_ghb_flx_20160531,265.627,0.0,out_ghb
out_ghb_flx_20160630,226.513,0.0,out_ghb
out_ghb_flx_20160731,193.301,0.0,out_ghb
out_ghb_flx_20160831,143.936,0.0,out_ghb
out_ghb_flx_20160930,131.536,0.0,out_ghb
out_ghb_flx_20161031,152.14,0.0,out_ghb
out_ghb_flx_20161130,189.34400000000002,0.0,out_ghb
out_ghb_flx_20161231,228.90599999999998,0.0,out_ghb
out_ghb_flx_20170131,345.36300000000006,0.0,out_ghb
out_ghb_flx_20170228,349.71,0.0,out_ghb
out_ghb_flx_20170331,334.256,0.0,out_ghb
out_ghb_flx_20170430,291.632,0.0,out_ghb
out_ghb_flx_20170531,242.13099999999997,0.0,out_ghb
out_ghb_flx_20170630,212.55700000000002,0.0,out_ghb
out_ghb_flx_20170731,177.023,0.0,out_ghb
out_ghb_flx_20170831,132.18,0.0,out_ghb
out_ghb_flx_20170930,128.622,0.0,out_ghb
out_ghb_flx_20171031,150.062,0.0,out_ghb
out_ghb_flx_20171130,197.93400000000003,0.0,out_ghb
out_ghb_flx_20171231,287.76099999999997,0.0,out_ghb
out_rch_flx_20151231,0.0,0.0,out_rch
out_rch_flx_20160131,0.0,0.0,out_rch
out_rch_flx_20160229,0.0,0.0,out_rch
out_rch_flx_20160331,0.0,0.0,out_rch
out_rch_flx_20160430,0.0,0.0,out_rch
out_rch_flx_20160531,0.0,0.0,out_rch
out_rch_flx_20160630,0.0,0.0,out_rch
out_rch_flx_20160731,0.0,0.0,out_rch
out_rch_flx_20160831,0.0,0.0,out_rch
out_rch_flx_20160930,0.0,0.0,out_rch
out_rch_flx_20161031,0.0,0.0,out_rch
out_rch_flx_20161130,0.0,0.0,out_rch
out_rch_flx_20161231,0.0,0.0,out_rch
out_rch_flx_20170131,0.0,0.0,out_rch
out_rch_flx_20170228,0.0,0.0,out_rch
out_rch_flx_20170331,0.0,0.0,out_rch
out_rch_flx_20170430,0.0,0.0,out_rch
out_rch_flx_20170531,0.0,0.0,out_rch
out_rch_flx_20170630,0.0,0.0,out_rch
out_rch_flx_20170731,0.0,0.0,out_rch
out_rch_flx_20170831,0.0,0.0,out_rch
out_rch_flx_20170930,0.0,0.0,out_rch
out_rch_flx_20171031,0.0,0.0,out_rch
out_rch_flx_20171130,0.0,0.0,out_rch
out_rch_flx_20171231,0.0,0.0,out_rch
out_sfr_flx_20151231,987.1010000000001,0.0,out_sfr
out_sfr_flx_20160131,1312.77,0.0,out_sfr
out_sfr_flx_20160229,1424.96,0.0,out_sfr
out_sfr_flx_20160331,1385.79,0.0,out_sfr
out_sfr_flx_20160430,1208.44,0.0,out_sfr
out_sfr_flx_20160531,987.0060000000001,0.0,out_sfr
out_sfr_flx_20160630,805.466,0.0,out_sfr
out_sfr_flx_20160731,601.359,0.0,out_sfr
out_sfr_flx_20160831,363.92900000000003,0.0,out_sfr
out_sfr_flx_20160930,222.27900000000002,0.0,out_sfr
out_sfr_flx_20161031,237.385,0.0,out_sfr
out_sfr_flx_20161130,381.065,0.0,out_sfr
out_sfr_flx_20161231,542.02,0.0,out_sfr
out_sfr_flx_20170131,979.7080000000001,0.0,out_sfr
out_sfr_flx_20170228,1092.62,0.0,out_sfr
out_sfr_flx_20170331,1067.86,0.0,out_sfr
out_sfr_flx_20170430,917.323,0.0,out_sfr
out_sfr_flx_20170531,694.2460000000001,0.0,out_sfr
out_sfr_flx_20170630,486.10699999999997,0.0,out_sfr
out_sfr_flx_20170731,268.322,0.0,out_sfr
out_sfr_flx_20170831,133.942,0.0,out_sfr
out_sfr_flx_20170930,124.646,0.0,out_sfr
out_sfr_flx_20171031,166.798,0.0,out_sfr
out_sfr_flx_20171130,294.219,0.0,out_sfr
out_sfr_flx_20171231,672.6060000000001,0.0,out_sfr
out_ss_flx_20151231,0.0,0.0,out_ss
out_ss_flx_20160131,18.2518,0.0,out_ss
out_ss_flx_20160229,6.9583,0.0,out_ss
out_ss_flx_20160331,0.4063,0.0,out_ss
out_ss_flx_20160430,0.0,0.0,out_ss
out_ss_flx_20160531,0.0,0.0,out_ss
out_ss_flx_20160630,0.0,0.0,out_ss
out_ss_flx_20160731,0.0,0.0,out_ss
out_ss_flx_20160831,0.0,0.0,out_ss
out_ss_flx_20160930,0.0026000999999999997,0.0,out_ss
out_ss_flx_20161031,0.9549,0.0,out_ss
out_ss_flx_20161130,7.501,0.0,out_ss
out_ss_flx_20161231,9.2482,0.0,out_ss
out_ss_flx_20170131,25.5575,0.0,out_ss
out_ss_flx_20170228,7.4218,0.0,out_ss
out_ss_flx_20170331,0.5177,0.0,out_ss
out_ss_flx_20170430,0.00011127,0.0,out_ss
out_ss_flx_20170531,0.0,0.0,out_ss
out_ss_flx_20170630,0.0,0.0,out_ss
out_ss_flx_20170731,0.0,0.0,out_ss
out_ss_flx_20170831,0.0032883,0.0,out_ss
out_ss_flx_20170930,0.059636,0.0,out_ss
out_ss_flx_20171031,4.3559,0.0,out_ss
out_ss_flx_20171130,11.5984,0.0,out_ss
out_ss_flx_20171231,20.9793,0.0,out_ss
out_sy_flx_20151231,0.0,0.0,out_sy
out_sy_flx_20160131,1232.23,0.0,out_sy
out_sy_flx_20160229,631.653,0.0,out_sy
out_sy_flx_20160331,94.59,0.0,out_sy
out_sy_flx_20160430,0.0,0.0,out_sy
out_sy_flx_20160531,0.0,0.0,out_sy
out_sy_flx_20160630,0.0,0.0,out_sy
out_sy_flx_20160731,0.0,0.0,out_sy
out_sy_flx_20160831,0.0,0.0,out_sy
out_sy_flx_20160930,0.016984,0.0,out_sy
out_sy_flx_20161031,40.4212,0.0,out_sy
out_sy_flx_20161130,474.332,0.0,out_sy
out_sy_flx_20161231,710.918,0.0,out_sy
out_sy_flx_20170131,1859.24,0.0,out_sy
out_sy_flx_20170228,783.5160000000001,0.0,out_sy
out_sy_flx_20170331,133.632,0.0,out_sy
out_sy_flx_20170430,0.4111,0.0,out_sy
out_sy_flx_20170531,0.0,0.0,out_sy
out_sy_flx_20170630,0.0,0.0,out_sy
out_sy_flx_20170731,0.0,0.0,out_sy
out_sy_flx_20170831,0.1438,0.0,out_sy
out_sy_flx_20170930,8.4502,0.0,out_sy
out_sy_flx_20171031,261.04,0.0,out_sy
out_sy_flx_20171130,824.559,0.0,out_sy
out_sy_flx_20171231,1547.89,0.0,out_sy
out_wel_flx_20151231,1035.83,0.0,out_wel
out_wel_flx_20160131,525.7819999999999,0.0,out_wel
out_wel_flx_20160229,455.983,0.0,out_wel
out_wel_flx_20160331,705.1060000000001,0.0,out_wel
out_wel_flx_20160430,1177.86,0.0,out_wel
out_wel_flx_20160531,1228.17,0.0,out_wel
out_wel_flx_20160630,1152.99,0.0,out_wel
out_wel_flx_20160731,1294.17,0.0,out_wel
out_wel_flx_20160831,1469.46,0.0,out_wel
out_wel_flx_20160930,1505.36,0.0,out_wel
out_wel_flx_20161031,1312.15,0.0,out_wel
out_wel_flx_20161130,1015.59,0.0,out_wel
out_wel_flx_20161231,744.878,0.0,out_wel
out_wel_flx_20170131,520.067,0.0,out_wel
out_wel_flx_20170228,421.096,0.0,out_wel
out_wel_flx_20170331,630.38,0.0,out_wel
out_wel_flx_20170430,906.6160000000001,0.0,out_wel
out_wel_flx_20170531,1121.26,0.0,out_wel
out_wel_flx_20170630,1547.3,0.0,out_wel
out_wel_flx_20170731,1645.1,0.0,out_wel
out_wel_flx_20170831,1882.75,0.0,out_wel
out_wel_flx_20170930,1796.48,0.0,out_wel
out_wel_flx_20171031,1380.69,0.0,out_wel
out_wel_flx_20171130,862.5419999999999,0.0,out_wel
out_wel_flx_20171231,474.98800000000006,0.0,out_wel
tailwater_20151231,-432.4,0.0,tailwater
tailwater_20160131,-534.68,0.0,tailwater
tailwater_20160229,-575.53,0.0,tailwater
tailwater_20160331,-553.28,0.0,tailwater
tailwater_20160430,-464.45,0.0,tailwater
tailwater_20160531,-377.21,0.0,tailwater
tailwater_20160630,-302.02,0.0,tailwater
tailwater_20160731,-232.64,0.0,tailwater
tailwater_20160831,-147.15,0.0,tailwater
tailwater_20160930,-111.34,0.0,tailwater
tailwater_20161031,-123.96,0.0,tailwater
tailwater_20161130,-161.14,0.0,tailwater
tailwater_20161231,-224.18,0.0,tailwater
tailwater_20170131,-397.08,0.0,tailwater
tailwater_20170228,-436.92,0.0,tailwater
tailwater_20170331,-432.28,0.0,tailwater
tailwater_20170430,-378.72,0.0,tailwater
tailwater_20170531,-311.57,0.0,tailwater
tailwater_20170630,-262.68,0.0,tailwater
tailwater_20170731,-195.65,0.0,tailwater
tailwater_20170831,-116.5,0.0,tailwater
tailwater_20170930,-114.01,0.0,tailwater
tailwater_20171031,-146.83,0.0,tailwater
tailwater_20171130,-196.46,0.0,tailwater
tailwater_20171231,-324.54,0.0,tailwater
trgw_0_13_10_20151231,34.264,0.0,trgw_0_13_10
trgw_0_13_10_20160131,34.41,0.0,trgw_0_13_10
trgw_0_13_10_20160229,34.446,0.0,trgw_0_13_10
trgw_0_13_10_20160331,34.427,0.0,trgw_0_13_10
trgw_0_13_10_20160430,34.366,0.0,trgw_0_13_10
trgw_0_13_10_20160531,34.288000000000004,0.0,trgw_0_13_10
trgw_0_13_10_20160630,34.22,0.0,trgw_0_13_10
trgw_0_13_10_20160731,34.139,0.0,trgw_0_13_10
trgw_0_13_10_20160831,34.048,0.0,trgw_0_13_10
trgw_0_13_10_20160930,34.003,0.0,trgw_0_13_10
trgw_0_13_10_20161031,34.009,0.0,trgw_0_13_10
trgw_0_13_10_20161130,34.074,0.0,trgw_0_13_10
trgw_0_13_10_20161231,34.131,0.0,trgw_0_13_10
trgw_0_13_10_20170131,34.303000000000004,0.0,trgw_0_13_10
trgw_0_13_10_20170228,34.334,0.0,trgw_0_13_10
trgw_0_13_10_20170331,34.306,0.0,trgw_0_13_10
trgw_0_13_10_20170430,34.232,0.0,trgw_0_13_10
trgw_0_13_10_20170531,34.126,0.0,trgw_0_13_10
trgw_0_13_10_20170630,34.033,0.0,trgw_0_13_10
trgw_0_13_10_20170731,33.934,0.0,trgw_0_13_10
trgw_0_13_10_20170831,33.842,0.0,trgw_0_13_10
trgw_0_13_10_20170930,33.829,0.0,trgw_0_13_10
trgw_0_13_10_20171031,33.882,0.0,trgw_0_13_10
trgw_0_13_10_20171130,33.986999999999995,0.0,trgw_0_13_10
trgw_0_13_10_20171231,34.147,0.0,trgw_0_13_10
trgw_0_15_16_20151231,34.111999999999995,0.0,trgw_0_15_16
trgw_0_15_16_20160131,34.192,0.0,trgw_0_15_16
trgw_0_15_16_20160229,34.226,0.0,trgw_0_15_16
trgw_0_15_16_20160331,34.224000000000004,0.0,trgw_0_15_16
trgw_0_15_16_20160430,34.19,0.0,trgw_0_15_16
trgw_0_15_16_20160531,34.135,0.0,trgw_0_15_16
trgw_0_15_16_20160630,34.08,0.0,trgw_0_15_16
trgw_0_15_16_20160731,34.016,0.0,trgw_0_15_16
trgw_0_15_16_20160831,33.949,0.0,trgw_0_15_16
trgw_0_15_16_20160930,33.902,0.0,trgw_0_15_16
trgw_0_15_16_20161031,33.895,0.0,trgw_0_15_16
trgw_0_15_16_20161130,33.931,0.0,trgw_0_15_16
trgw_0_15_16_20161231,33.974000000000004,0.0,trgw_0_15_16
trgw_0_15_16_20170131,34.086,0.0,trgw_0_15_16
trgw_0_15_16_20170228,34.124,0.0,trgw_0_15_16
trgw_0_15_16_20170331,34.123000000000005,0.0,trgw_0_15_16
trgw_0_15_16_20170430,34.086,0.0,trgw_0_15_16
trgw_0_15_16_20170531,34.025,0.0,trgw_0_15_16
trgw_0_15_16_20170630,33.964,0.0,trgw_0_15_16
trgw_0_15_16_20170731,33.894,0.0,trgw_0_15_16
trgw_0_15_16_20170831,33.825,0.0,trgw_0_15_16
trgw_0_15_16_20170930,33.806,0.0,trgw_0_15_16
trgw_0_15_16_20171031,33.834,0.0,trgw_0_15_16
trgw_0_15_16_20171130,33.895,0.0,trgw_0_15_16
trgw_0_15_16_20171231,33.998000000000005,0.0,trgw_0_15_16
trgw_0_21_10_20151231,34.114000000000004,0.0,trgw_0_21_10
trgw_0_21_10_20160131,34.198,0.0,trgw_0_21_10
trgw_0_21_10_20160229,34.243,0.0,trgw_0_21_10
trgw_0_21_10_20160331,34.248000000000005,0.0,trgw_0_21_10
trgw_0_21_10_20160430,34.202,0.0,trgw_0_21_10
trgw_0_21_10_20160531,34.134,0.0,trgw_0_21_10
trgw_0_21_10_20160630,34.056999999999995,0.0,trgw_0_21_10
trgw_0_21_10_20160731,33.959,0.0,trgw_0_21_10
trgw_0_21_10_20160831,33.863,0.0,trgw_0_21_10
trgw_0_21_10_20160930,33.801,0.0,trgw_0_21_10
trgw_0_21_10_20161031,33.795,0.0,trgw_0_21_10
trgw_0_21_10_20161130,33.825,0.0,trgw_0_21_10
trgw_0_21_10_20161231,33.883,0.0,trgw_0_21_10
trgw_0_21_10_20170131,34.028,0.0,trgw_0_21_10
trgw_0_21_10_20170228,34.086999999999996,0.0,trgw_0_21_10
trgw_0_21_10_20170331,34.095,0.0,trgw_0_21_10
trgw_0_21_10_20170430,34.053000000000004,0.0,trgw_0_21_10
trgw_0_21_10_20170531,33.992,0.0,trgw_0_21_10
trgw_0_21_10_20170630,33.928000000000004,0.0,trgw_0_21_10
trgw_0_21_10_20170731,33.842,0.0,trgw_0_21_10
trgw_0_21_10_20170831,33.786,0.0,trgw_0_21_10
trgw_0_21_10_20170930,33.784,0.0,trgw_0_21_10
trgw_0_21_10_20171031,33.805,0.0,trgw_0_21_10
trgw_0_21_10_20171130,33.864000000000004,0.0,trgw_0_21_10
trgw_0_21_10_20171231,33.975,0.0,trgw_0_21_10
trgw_0_22_15_20151231,34.003,0.0,trgw_0_22_15
trgw_0_22_15_20160131,34.054,0.0,trgw_0_22_15
trgw_0_22_15_20160229,34.086,0.0,trgw_0_22_15
trgw_0_22_15_20160331,34.093,0.0,trgw_0_22_15
trgw_0_22_15_20160430,34.063,0.0,trgw_0_22_15
trgw_0_22_15_20160531,34.016999999999996,0.0,trgw_0_22_15
trgw_0_22_15_20160630,33.961,0.0,trgw_0_22_15
trgw_0_22_15_20160731,33.891,0.0,trgw_0_22_15
trgw_0_22_15_20160831,33.827,0.0,trgw_0_22_15
trgw_0_22_15_20160930,33.777,0.0,trgw_0_22_15
trgw_0_22_15_20161031,33.766999999999996,0.0,trgw_0_22_15
trgw_0_22_15_20161130,33.789,0.0,trgw_0_22_15
trgw_0_22_15_20161231,33.83,0.0,trgw_0_22_15
trgw_0_22_15_20170131,33.926,0.0,trgw_0_22_15
trgw_0_22_15_20170228,33.972,0.0,trgw_0_22_15
trgw_0_22_15_20170331,33.983000000000004,0.0,trgw_0_22_15
trgw_0_22_15_20170430,33.961,0.0,trgw_0_22_15
trgw_0_22_15_20170531,33.919000000000004,0.0,trgw_0_22_15
trgw_0_22_15_20170630,33.874,0.0,trgw_0_22_15
trgw_0_22_15_20170731,33.812,0.0,trgw_0_22_15
trgw_0_22_15_20170831,33.766999999999996,0.0,trgw_0_22_15
trgw_0_22_15_20170930,33.762,0.0,trgw_0_22_15
trgw_0_22_15_20171031,33.775,0.0,trgw_0_22_15
trgw_0_22_15_20171130,33.815,0.0,trgw_0_22_15
trgw_0_22_15_20171231,33.891,0.0,trgw_0_22_15
trgw_0_24_4_20151231,34.243,0.0,trgw_0_24_4
trgw_0_24_4_20160131,34.379,0.0,trgw_0_24_4
trgw_0_24_4_20160229,34.437,0.0,trgw_0_24_4
trgw_0_24_4_20160331,34.443000000000005,0.0,trgw_0_24_4
trgw_0_24_4_20160430,34.363,0.0,trgw_0_24_4
trgw_0_24_4_20160531,34.271,0.0,trgw_0_24_4
trgw_0_24_4_20160630,34.173,0.0,trgw_0_24_4
trgw_0_24_4_20160731,34.062,0.0,trgw_0_24_4
trgw_0_24_4_20160831,33.928000000000004,0.0,trgw_0_24_4
trgw_0_24_4_20160930,33.852,0.0,trgw_0_24_4
trgw_0_24_4_20161031,33.832,0.0,trgw_0_24_4
trgw_0_24_4_20161130,33.871,0.0,trgw_0_24_4
trgw_0_24_4_20161231,33.946999999999996,0.0,trgw_0_24_4
trgw_0_24_4_20170131,34.159,0.0,trgw_0_24_4
trgw_0_24_4_20170228,34.228,0.0,trgw_0_24_4
trgw_0_24_4_20170331,34.233000000000004,0.0,trgw_0_24_4
trgw_0_24_4_20170430,34.16,0.0,trgw_0_24_4
trgw_0_24_4_20170531,34.066,0.0,trgw_0_24_4
trgw_0_24_4_20170630,33.99,0.0,trgw_0_24_4
trgw_0_24_4_20170731,33.914,0.0,trgw_0_24_4
trgw_0_24_4_20170831,33.861,0.0,trgw_0_24_4
trgw_0_24_4_20170930,33.834,0.0,trgw_0_24_4
trgw_0_24_4_20171031,33.845,0.0,trgw_0_24_4
trgw_0_24_4_20171130,33.915,0.0,trgw_0_24_4
trgw_0_24_4_20171231,34.069,0.0,trgw_0_24_4
trgw_0_26_6_20151231,34.071999999999996,0.0,trgw_0_26_6
trgw_0_26_6_20160131,34.205,0.0,trgw_0_26_6
trgw_0_26_6_20160229,34.266,0.0,trgw_0_26_6
trgw_0_26_6_20160331,34.272,0.0,trgw_0_26_6
trgw_0_26_6_20160430,34.178000000000004,0.0,trgw_0_26_6
trgw_0_26_6_20160531,34.1,0.0,trgw_0_26_6
trgw_0_26_6_20160630,34.015,0.0,trgw_0_26_6
trgw_0_26_6_20160731,33.907,0.0,trgw_0_26_6
trgw_0_26_6_20160831,33.773,0.0,trgw_0_26_6
trgw_0_26_6_20160930,33.702,0.0,trgw_0_26_6
trgw_0_26_6_20161031,33.681,0.0,trgw_0_26_6
trgw_0_26_6_20161130,33.717,0.0,trgw_0_26_6
trgw_0_26_6_20161231,33.801,0.0,trgw_0_26_6
trgw_0_26_6_20170131,33.997,0.0,trgw_0_26_6
trgw_0_26_6_20170228,34.071999999999996,0.0,trgw_0_26_6
trgw_0_26_6_20170331,34.077,0.0,trgw_0_26_6
trgw_0_26_6_20170430,34.001,0.0,trgw_0_26_6
trgw_0_26_6_20170531,33.915,0.0,trgw_0_26_6
trgw_0_26_6_20170630,33.835,0.0,trgw_0_26_6
trgw_0_26_6_20170731,33.772,0.0,trgw_0_26_6
trgw_0_26_6_20170831,33.728,0.0,trgw_0_26_6
trgw_0_26_6_20170930,33.691,0.0,trgw_0_26_6
trgw_0_26_6_20171031,33.705999999999996,0.0,trgw_0_26_6
trgw_0_26_6_20171130,33.786,0.0,trgw_0_26_6
trgw_0_26_6_20171231,33.935,0.0,trgw_0_26_6
trgw_0_29_15_20151231,33.884,0.0,trgw_0_29_15
trgw_0_29_15_20160131,33.951,0.0,trgw_0_29_15
trgw_0_29_15_20160229,33.969,0.0,trgw_0_29_15
trgw_0_29_15_20160331,33.955999999999996,0.0,trgw_0_29_15
trgw_0_29_15_20160430,33.909,0.0,trgw_0_29_15
trgw_0_29_15_20160531,33.86,0.0,trgw_0_29_15
trgw_0_29_15_20160630,33.819,0.0,trgw_0_29_15
trgw_0_29_15_20160731,33.775,0.0,trgw_0_29_15
trgw_0_29_15_20160831,33.722,0.0,trgw_0_29_15
trgw_0_29_15_20160930,33.701,0.0,trgw_0_29_15
trgw_0_29_15_20161031,33.711999999999996,0.0,trgw_0_29_15
trgw_0_29_15_20161130,33.742,0.0,trgw_0_29_15
trgw_0_29_15_20161231,33.779,0.0,trgw_0_29_15
trgw_0_29_15_20170131,33.88,0.0,trgw_0_29_15
trgw_0_29_15_20170228,33.895,0.0,trgw_0_29_15
trgw_0_29_15_20170331,33.887,0.0,trgw_0_29_15
trgw_0_29_15_20170430,33.852,0.0,trgw_0_29_15
trgw_0_29_15_20170531,33.81,0.0,trgw_0_29_15
trgw_0_29_15_20170630,33.778,0.0,trgw_0_29_15
trgw_0_29_15_20170731,33.736,0.0,trgw_0_29_15
trgw_0_29_15_20170831,33.696999999999996,0.0,trgw_0_29_15
trgw_0_29_15_20170930,33.696,0.0,trgw_0_29_15
trgw_0_29_15_20171031,33.714,0.0,trgw_0_29_15
trgw_0_29_15_20171130,33.757,0.0,trgw_0_29_15
trgw_0_29_15_20171231,33.835,0.0,trgw_0_29_15
trgw_0_2_15_20151231,34.193000000000005,0.0,trgw_0_2_15
trgw_0_2_15_20160131,34.285,0.0,trgw_0_2_15
trgw_0_2_15_20160229,34.318000000000005,0.0,trgw_0_2_15
trgw_0_2_15_20160331,34.313,0.0,trgw_0_2_15
trgw_0_2_15_20160430,34.279,0.0,trgw_0_2_15
trgw_0_2_15_20160531,34.219,0.0,trgw_0_2_15
trgw_0_2_15_20160630,34.172,0.0,trgw_0_2_15
trgw_0_2_15_20160731,34.123000000000005,0.0,trgw_0_2_15
trgw_0_2_15_20160831,34.062,0.0,trgw_0_2_15
trgw_0_2_15_20160930,34.021,0.0,trgw_0_2_15
trgw_0_2_15_20161031,34.023,0.0,trgw_0_2_15
trgw_0_2_15_20161130,34.07,0.0,trgw_0_2_15
trgw_0_2_15_20161231,34.114000000000004,0.0,trgw_0_2_15
trgw_0_2_15_20170131,34.224000000000004,0.0,trgw_0_2_15
trgw_0_2_15_20170228,34.253,0.0,trgw_0_2_15
trgw_0_2_15_20170331,34.244,0.0,trgw_0_2_15
trgw_0_2_15_20170430,34.202,0.0,trgw_0_2_15
trgw_0_2_15_20170531,34.135999999999996,0.0,trgw_0_2_15
trgw_0_2_15_20170630,34.068000000000005,0.0,trgw_0_2_15
trgw_0_2_15_20170731,34.001999999999995,0.0,trgw_0_2_15
trgw_0_2_15_20170831,33.927,0.0,trgw_0_2_15
trgw_0_2_15_20170930,33.900999999999996,0.0,trgw_0_2_15
trgw_0_2_15_20171031,33.933,0.0,trgw_0_2_15
trgw_0_2_15_20171130,33.996,0.0,trgw_0_2_15
trgw_0_2_15_20171231,34.106,0.0,trgw_0_2_15
trgw_0_2_9_20151231,34.361,0.0,trgw_0_2_9
trgw_0_2_9_20160131,34.48,0.0,trgw_0_2_9
trgw_0_2_9_20160229,34.529,0.0,trgw_0_2_9
trgw_0_2_9_20160331,34.527,0.0,trgw_0_2_9
trgw_0_2_9_20160430,34.481,0.0,trgw_0_2_9
trgw_0_2_9_20160531,34.4,0.0,trgw_0_2_9
trgw_0_2_9_20160630,34.324,0.0,trgw_0_2_9
trgw_0_2_9_20160731,34.246,0.0,trgw_0_2_9
trgw_0_2_9_20160831,34.157,0.0,trgw_0_2_9
trgw_0_2_9_20160930,34.101,0.0,trgw_0_2_9
trgw_0_2_9_20161031,34.098,0.0,trgw_0_2_9
trgw_0_2_9_20161130,34.152,0.0,trgw_0_2_9
trgw_0_2_9_20161231,34.211,0.0,trgw_0_2_9
trgw_0_2_9_20170131,34.373000000000005,0.0,trgw_0_2_9
trgw_0_2_9_20170228,34.42,0.0,trgw_0_2_9
trgw_0_2_9_20170331,34.411,0.0,trgw_0_2_9
trgw_0_2_9_20170430,34.352,0.0,trgw_0_2_9
trgw_0_2_9_20170531,34.258,0.0,trgw_0_2_9
trgw_0_2_9_20170630,34.173,0.0,trgw_0_2_9
trgw_0_2_9_20170731,34.078,0.0,trgw_0_2_9
trgw_0_2_9_20170831,33.984,0.0,trgw_0_2_9
trgw_0_2_9_20170930,33.949,0.0,trgw_0_2_9
trgw_0_2_9_20171031,33.975,0.0,trgw_0_2_9
trgw_0_2_9_20171130,34.052,0.0,trgw_0_2_9
trgw_0_2_9_20171231,34.199,0.0,trgw_0_2_9
trgw_0_33_7_20151231,34.023,0.0,trgw_0_33_7
trgw_0_33_7_20160131,34.146,0.0,trgw_0_33_7
trgw_0_33_7_20160229,34.19,0.0,trgw_0_33_7
trgw_0_33_7_20160331,34.185,0.0,trgw_0_33_7
trgw_0_33_7_20160430,34.095,0.0,trgw_0_33_7
trgw_0_33_7_20160531,34.019,0.0,trgw_0_33_7
trgw_0_33_7_20160630,33.946,0.0,trgw_0_33_7
trgw_0_33_7_20160731,33.867,0.0,trgw_0_33_7
trgw_0_33_7_20160831,33.762,0.0,trgw_0_33_7
trgw_0_33_7_20160930,33.705999999999996,0.0,trgw_0_33_7
trgw_0_33_7_20161031,33.695,0.0,trgw_0_33_7
trgw_0_33_7_20161130,33.734,0.0,trgw_0_33_7
trgw_0_33_7_20161231,33.804,0.0,trgw_0_33_7
trgw_0_33_7_20170131,33.985,0.0,trgw_0_33_7
trgw_0_33_7_20170228,34.032,0.0,trgw_0_33_7
trgw_0_33_7_20170331,34.031,0.0,trgw_0_33_7
trgw_0_33_7_20170430,33.966,0.0,trgw_0_33_7
trgw_0_33_7_20170531,33.885,0.0,trgw_0_33_7
trgw_0_33_7_20170630,33.825,0.0,trgw_0_33_7
trgw_0_33_7_20170731,33.775,0.0,trgw_0_33_7
trgw_0_33_7_20170831,33.725,0.0,trgw_0_33_7
trgw_0_33_7_20170930,33.691,0.0,trgw_0_33_7
trgw_0_33_7_20171031,33.702,0.0,trgw_0_33_7
trgw_0_33_7_20171130,33.772,0.0,trgw_0_33_7
trgw_0_33_7_20171231,33.91,0.0,trgw_0_33_7
trgw_0_34_10_20151231,33.876999999999995,0.0,trgw_0_34_10
trgw_0_34_10_20160131,33.969,0.0,trgw_0_34_10
trgw_0_34_10_20160229,34.003,0.0,trgw_0_34_10
trgw_0_34_10_20160331,33.977,0.0,trgw_0_34_10
trgw_0_34_10_20160430,33.889,0.0,trgw_0_34_10
trgw_0_34_10_20160531,33.815,0.0,trgw_0_34_10
trgw_0_34_10_20160630,33.769,0.0,trgw_0_34_10
trgw_0_34_10_20160731,33.729,0.0,trgw_0_34_10
trgw_0_34_10_20160831,33.664,0.0,trgw_0_34_10
trgw_0_34_10_20160930,33.641999999999996,0.0,trgw_0_34_10
trgw_0_34_10_20161031,33.662,0.0,trgw_0_34_10
trgw_0_34_10_20161130,33.704,0.0,trgw_0_34_10
trgw_0_34_10_20161231,33.758,0.0,trgw_0_34_10
trgw_0_34_10_20170131,33.893,0.0,trgw_0_34_10
trgw_0_34_10_20170228,33.921,0.0,trgw_0_34_10
trgw_0_34_10_20170331,33.914,0.0,trgw_0_34_10
trgw_0_34_10_20170430,33.867,0.0,trgw_0_34_10
trgw_0_34_10_20170531,33.804,0.0,trgw_0_34_10
trgw_0_34_10_20170630,33.757,0.0,trgw_0_34_10
trgw_0_34_10_20170731,33.711,0.0,trgw_0_34_10
trgw_0_34_10_20170831,33.641999999999996,0.0,trgw_0_34_10
trgw_0_34_10_20170930,33.623000000000005,0.0,trgw_0_34_10
trgw_0_34_10_20171031,33.65,0.0,trgw_0_34_10
trgw_0_34_10_20171130,33.714,0.0,trgw_0_34_10
trgw_0_34_10_20171231,33.826,0.0,trgw_0_34_10
trgw_0_3_8_20151231,34.408,0.0,trgw_0_3_8
trgw_0_3_8_20160131,34.539,0.0,trgw_0_3_8
trgw_0_3_8_20160229,34.588,0.0,trgw_0_3_8
trgw_0_3_8_20160331,34.582,0.0,trgw_0_3_8
trgw_0_3_8_20160430,34.529,0.0,trgw_0_3_8
trgw_0_3_8_20160531,34.441,0.0,trgw_0_3_8
trgw_0_3_8_20160630,34.357,0.0,trgw_0_3_8
trgw_0_3_8_20160731,34.272,0.0,trgw_0_3_8
trgw_0_3_8_20160831,34.177,0.0,trgw_0_3_8
trgw_0_3_8_20160930,34.121,0.0,trgw_0_3_8
trgw_0_3_8_20161031,34.122,0.0,trgw_0_3_8
trgw_0_3_8_20161130,34.181999999999995,0.0,trgw_0_3_8
trgw_0_3_8_20161231,34.246,0.0,trgw_0_3_8
trgw_0_3_8_20170131,34.428000000000004,0.0,trgw_0_3_8
trgw_0_3_8_20170228,34.471,0.0,trgw_0_3_8
trgw_0_3_8_20170331,34.455999999999996,0.0,trgw_0_3_8
trgw_0_3_8_20170430,34.387,0.0,trgw_0_3_8
trgw_0_3_8_20170531,34.285,0.0,trgw_0_3_8
trgw_0_3_8_20170630,34.198,0.0,trgw_0_3_8
trgw_0_3_8_20170731,34.098,0.0,trgw_0_3_8
trgw_0_3_8_20170831,34.004,0.0,trgw_0_3_8
trgw_0_3_8_20170930,33.974000000000004,0.0,trgw_0_3_8
trgw_0_3_8_20171031,34.001999999999995,0.0,trgw_0_3_8
trgw_0_3_8_20171130,34.085,0.0,trgw_0_3_8
trgw_0_3_8_20171231,34.243,0.0,trgw_0_3_8
trgw_0_9_1_20151231,34.577,0.0,trgw_0_9_1
trgw_0_9_1_20160131,34.756,0.0,trgw_0_9_1
trgw_0_9_1_20160229,34.794000000000004,0.0,trgw_0_9_1
trgw_0_9_1_20160331,34.772,0.0,trgw_0_9_1
trgw_0_9_1_20160430,34.695,0.0,trgw_0_9_1
trgw_0_9_1_20160531,34.58,0.0,trgw_0_9_1
trgw_0_9_1_20160630,34.471,0.0,trgw_0_9_1
trgw_0_9_1_20160731,34.365,0.0,trgw_0_9_1
trgw_0_9_1_20160831,34.248000000000005,0.0,trgw_0_9_1
trgw_0_9_1_20160930,34.195,0.0,trgw_0_9_1
trgw_0_9_1_20161031,34.211999999999996,0.0,trgw_0_9_1
trgw_0_9_1_20161130,34.292,0.0,trgw_0_9_1
trgw_0_9_1_20161231,34.368,0.0,trgw_0_9_1
trgw_0_9_1_20170131,34.623000000000005,0.0,trgw_0_9_1
trgw_0_9_1_20170228,34.641999999999996,0.0,trgw_0_9_1
trgw_0_9_1_20170331,34.604,0.0,trgw_0_9_1
trgw_0_9_1_20170430,34.506,0.0,trgw_0_9_1
trgw_0_9_1_20170531,34.38,0.0,trgw_0_9_1
trgw_0_9_1_20170630,34.296,0.0,trgw_0_9_1
trgw_0_9_1_20170731,34.186,0.0,trgw_0_9_1
trgw_0_9_1_20170831,34.097,0.0,trgw_0_9_1
trgw_0_9_1_20170930,34.088,0.0,trgw_0_9_1
trgw_0_9_1_20171031,34.123000000000005,0.0,trgw_0_9_1
trgw_0_9_1_20171130,34.217,0.0,trgw_0_9_1
trgw_0_9_1_20171231,34.413000000000004,0.0,trgw_0_9_1
trgw_2_13_10_20151231,34.255,0.0,trgw_2_13_10
trgw_2_13_10_20160131,34.397,0.0,trgw_2_13_10
trgw_2_13_10_20160229,34.435,0.0,trgw_2_13_10
trgw_2_13_10_20160331,34.418,0.0,trgw_2_13_10
trgw_2_13_10_20160430,34.358000000000004,0.0,trgw_2_13_10
trgw_2_13_10_20160531,34.282,0.0,trgw_2_13_10
trgw_2_13_10_20160630,34.214,0.0,trgw_2_13_10
trgw_2_13_10_20160731,34.134,0.0,trgw_2_13_10
trgw_2_13_10_20160831,34.045,0.0,trgw_2_13_10
trgw_2_13_10_20160930,33.999,0.0,trgw_2_13_10
trgw_2_13_10_20161031,34.004,0.0,trgw_2_13_10
trgw_2_13_10_20161130,34.067,0.0,trgw_2_13_10
trgw_2_13_10_20161231,34.123000000000005,0.0,trgw_2_13_10
trgw_2_13_10_20170131,34.29,0.0,trgw_2_13_10
trgw_2_13_10_20170228,34.324,0.0,trgw_2_13_10
trgw_2_13_10_20170331,34.298,0.0,trgw_2_13_10
trgw_2_13_10_20170430,34.225,0.0,trgw_2_13_10
trgw_2_13_10_20170531,34.121,0.0,trgw_2_13_10
trgw_2_13_10_20170630,34.027,0.0,trgw_2_13_10
trgw_2_13_10_20170731,33.929,0.0,trgw_2_13_10
trgw_2_13_10_20170831,33.836999999999996,0.0,trgw_2_13_10
trgw_2_13_10_20170930,33.821999999999996,0.0,trgw_2_13_10
trgw_2_13_10_20171031,33.875,0.0,trgw_2_13_10
trgw_2_13_10_20171130,33.979,0.0,trgw_2_13_10
trgw_2_13_10_20171231,34.135999999999996,0.0,trgw_2_13_10
trgw_2_15_16_20151231,34.109,0.0,trgw_2_15_16
trgw_2_15_16_20160131,34.19,0.0,trgw_2_15_16
trgw_2_15_16_20160229,34.223,0.0,trgw_2_15_16
trgw_2_15_16_20160331,34.221,0.0,trgw_2_15_16
trgw_2_15_16_20160430,34.186,0.0,trgw_2_15_16
trgw_2_15_16_20160531,34.131,0.0,trgw_2_15_16
trgw_2_15_16_20160630,34.077,0.0,trgw_2_15_16
trgw_2_15_16_20160731,34.013000000000005,0.0,trgw_2_15_16
trgw_2_15_16_20160831,33.945,0.0,trgw_2_15_16
trgw_2_15_16_20160930,33.898,0.0,trgw_2_15_16
trgw_2_15_16_20161031,33.891999999999996,0.0,trgw_2_15_16
trgw_2_15_16_20161130,33.928000000000004,0.0,trgw_2_15_16
trgw_2_15_16_20161231,33.971,0.0,trgw_2_15_16
trgw_2_15_16_20170131,34.083,0.0,trgw_2_15_16
trgw_2_15_16_20170228,34.122,0.0,trgw_2_15_16
trgw_2_15_16_20170331,34.12,0.0,trgw_2_15_16
trgw_2_15_16_20170430,34.083,0.0,trgw_2_15_16
trgw_2_15_16_20170531,34.021,0.0,trgw_2_15_16
trgw_2_15_16_20170630,33.96,0.0,trgw_2_15_16
trgw_2_15_16_20170731,33.89,0.0,trgw_2_15_16
trgw_2_15_16_20170831,33.821,0.0,trgw_2_15_16
trgw_2_15_16_20170930,33.802,0.0,trgw_2_15_16
trgw_2_15_16_20171031,33.830999999999996,0.0,trgw_2_15_16
trgw_2_15_16_20171130,33.893,0.0,trgw_2_15_16
trgw_2_15_16_20171231,33.996,0.0,trgw_2_15_16
trgw_2_21_10_20151231,34.096,0.0,trgw_2_21_10
trgw_2_21_10_20160131,34.177,0.0,trgw_2_21_10
trgw_2_21_10_20160229,34.223,0.0,trgw_2_21_10
trgw_2_21_10_20160331,34.228,0.0,trgw_2_21_10
trgw_2_21_10_20160430,34.181999999999995,0.0,trgw_2_21_10
trgw_2_21_10_20160531,34.115,0.0,trgw_2_21_10
trgw_2_21_10_20160630,34.04,0.0,trgw_2_21_10
trgw_2_21_10_20160731,33.943000000000005,0.0,trgw_2_21_10
trgw_2_21_10_20160831,33.848,0.0,trgw_2_21_10
trgw_2_21_10_20160930,33.788000000000004,0.0,trgw_2_21_10
trgw_2_21_10_20161031,33.782,0.0,trgw_2_21_10
trgw_2_21_10_20161130,33.811,0.0,trgw_2_21_10
trgw_2_21_10_20161231,33.87,0.0,trgw_2_21_10
trgw_2_21_10_20170131,34.009,0.0,trgw_2_21_10
trgw_2_21_10_20170228,34.071,0.0,trgw_2_21_10
trgw_2_21_10_20170331,34.079,0.0,trgw_2_21_10
trgw_2_21_10_20170430,34.037,0.0,trgw_2_21_10
trgw_2_21_10_20170531,33.978,0.0,trgw_2_21_10
trgw_2_21_10_20170630,33.912,0.0,trgw_2_21_10
trgw_2_21_10_20170731,33.827,0.0,trgw_2_21_10
trgw_2_21_10_20170831,33.772,0.0,trgw_2_21_10
trgw_2_21_10_20170930,33.771,0.0,trgw_2_21_10
trgw_2_21_10_20171031,33.793,0.0,trgw_2_21_10
trgw_2_21_10_20171130,33.852,0.0,trgw_2_21_10
trgw_2_21_10_20171231,33.96,0.0,trgw_2_21_10
trgw_2_22_15_20151231,34.032,0.0,trgw_2_22_15
trgw_2_22_15_20160131,34.091,0.0,trgw_2_22_15
trgw_2_22_15_20160229,34.126999999999995,0.0,trgw_2_22_15
trgw_2_22_15_20160331,34.133,0.0,trgw_2_22_15
trgw_2_22_15_20160430,34.098,0.0,trgw_2_22_15
trgw_2_22_15_20160531,34.045,0.0,trgw_2_22_15
trgw_2_22_15_20160630,33.982,0.0,trgw_2_22_15
trgw_2_22_15_20160731,33.902,0.0,trgw_2_22_15
trgw_2_22_15_20160831,33.830999999999996,0.0,trgw_2_22_15
trgw_2_22_15_20160930,33.775,0.0,trgw_2_22_15
trgw_2_22_15_20161031,33.766999999999996,0.0,trgw_2_22_15
trgw_2_22_15_20161130,33.792,0.0,trgw_2_22_15
trgw_2_22_15_20161231,33.841,0.0,trgw_2_22_15
trgw_2_22_15_20170131,33.95,0.0,trgw_2_22_15
trgw_2_22_15_20170228,34.001,0.0,trgw_2_22_15
trgw_2_22_15_20170331,34.01,0.0,trgw_2_22_15
trgw_2_22_15_20170430,33.983000000000004,0.0,trgw_2_22_15
trgw_2_22_15_20170531,33.937,0.0,trgw_2_22_15
trgw_2_22_15_20170630,33.885999999999996,0.0,trgw_2_22_15
trgw_2_22_15_20170731,33.816,0.0,trgw_2_22_15
trgw_2_22_15_20170831,33.766,0.0,trgw_2_22_15
trgw_2_22_15_20170930,33.765,0.0,trgw_2_22_15
trgw_2_22_15_20171031,33.779,0.0,trgw_2_22_15
trgw_2_22_15_20171130,33.826,0.0,trgw_2_22_15
trgw_2_22_15_20171231,33.911,0.0,trgw_2_22_15
trgw_2_24_4_20151231,34.232,0.0,trgw_2_24_4
trgw_2_24_4_20160131,34.368,0.0,trgw_2_24_4
trgw_2_24_4_20160229,34.425,0.0,trgw_2_24_4
trgw_2_24_4_20160331,34.43,0.0,trgw_2_24_4
trgw_2_24_4_20160430,34.349000000000004,0.0,trgw_2_24_4
trgw_2_24_4_20160531,34.259,0.0,trgw_2_24_4
trgw_2_24_4_20160630,34.162,0.0,trgw_2_24_4
trgw_2_24_4_20160731,34.051,0.0,trgw_2_24_4
trgw_2_24_4_20160831,33.917,0.0,trgw_2_24_4
trgw_2_24_4_20160930,33.843,0.0,trgw_2_24_4
trgw_2_24_4_20161031,33.824,0.0,trgw_2_24_4
trgw_2_24_4_20161130,33.861999999999995,0.0,trgw_2_24_4
trgw_2_24_4_20161231,33.939,0.0,trgw_2_24_4
trgw_2_24_4_20170131,34.150999999999996,0.0,trgw_2_24_4
trgw_2_24_4_20170228,34.218,0.0,trgw_2_24_4
trgw_2_24_4_20170331,34.222,0.0,trgw_2_24_4
trgw_2_24_4_20170430,34.149,0.0,trgw_2_24_4
trgw_2_24_4_20170531,34.056,0.0,trgw_2_24_4
trgw_2_24_4_20170630,33.98,0.0,trgw_2_24_4
trgw_2_24_4_20170731,33.905,0.0,trgw_2_24_4
trgw_2_24_4_20170831,33.853,0.0,trgw_2_24_4
trgw_2_24_4_20170930,33.825,0.0,trgw_2_24_4
trgw_2_24_4_20171031,33.836,0.0,trgw_2_24_4
trgw_2_24_4_20171130,33.908,0.0,trgw_2_24_4
trgw_2_24_4_20171231,34.062,0.0,trgw_2_24_4
trgw_2_26_6_20151231,34.056,0.0,trgw_2_26_6
trgw_2_26_6_20160131,34.187,0.0,trgw_2_26_6
trgw_2_26_6_20160229,34.249,0.0,trgw_2_26_6
trgw_2_26_6_20160331,34.255,0.0,trgw_2_26_6
trgw_2_26_6_20160430,34.159,0.0,trgw_2_26_6
trgw_2_26_6_20160531,34.085,0.0,trgw_2_26_6
trgw_2_26_6_20160630,34.001999999999995,0.0,trgw_2_26_6
trgw_2_26_6_20160731,33.895,0.0,trgw_2_26_6
trgw_2_26_6_20160831,33.760999999999996,0.0,trgw_2_26_6
trgw_2_26_6_20160930,33.691,0.0,trgw_2_26_6
trgw_2_26_6_20161031,33.669000000000004,0.0,trgw_2_26_6
trgw_2_26_6_20161130,33.704,0.0,trgw_2_26_6
trgw_2_26_6_20161231,33.789,0.0,trgw_2_26_6
trgw_2_26_6_20170131,33.98,0.0,trgw_2_26_6
trgw_2_26_6_20170228,34.056999999999995,0.0,trgw_2_26_6
trgw_2_26_6_20170331,34.063,0.0,trgw_2_26_6
trgw_2_26_6_20170430,33.986999999999995,0.0,trgw_2_26_6
trgw_2_26_6_20170531,33.903,0.0,trgw_2_26_6
trgw_2_26_6_20170630,33.821999999999996,0.0,trgw_2_26_6
trgw_2_26_6_20170731,33.762,0.0,trgw_2_26_6
trgw_2_26_6_20170831,33.718,0.0,trgw_2_26_6
trgw_2_26_6_20170930,33.677,0.0,trgw_2_26_6
trgw_2_26_6_20171031,33.694,0.0,trgw_2_26_6
trgw_2_26_6_20171130,33.774,0.0,trgw_2_26_6
trgw_2_26_6_20171231,33.921,0.0,trgw_2_26_6
trgw_2_29_15_20151231,33.909,0.0,trgw_2_29_15
trgw_2_29_15_20160131,33.983000000000004,0.0,trgw_2_29_15
trgw_2_29_15_20160229,34.004,0.0,trgw_2_29_15
trgw_2_29_15_20160331,33.989000000000004,0.0,trgw_2_29_15
trgw_2_29_15_20160430,33.937,0.0,trgw_2_29_15
trgw_2_29_15_20160531,33.883,0.0,trgw_2_29_15
trgw_2_29_15_20160630,33.836999999999996,0.0,trgw_2_29_15
trgw_2_29_15_20160731,33.788000000000004,0.0,trgw_2_29_15
trgw_2_29_15_20160831,33.729,0.0,trgw_2_29_15
trgw_2_29_15_20160930,33.705999999999996,0.0,trgw_2_29_15
trgw_2_29_15_20161031,33.719,0.0,trgw_2_29_15
trgw_2_29_15_20161130,33.751,0.0,trgw_2_29_15
trgw_2_29_15_20161231,33.791,0.0,trgw_2_29_15
trgw_2_29_15_20170131,33.904,0.0,trgw_2_29_15
trgw_2_29_15_20170228,33.921,0.0,trgw_2_29_15
trgw_2_29_15_20170331,33.913000000000004,0.0,trgw_2_29_15
trgw_2_29_15_20170430,33.874,0.0,trgw_2_29_15
trgw_2_29_15_20170531,33.828,0.0,trgw_2_29_15
trgw_2_29_15_20170630,33.793,0.0,trgw_2_29_15
trgw_2_29_15_20170731,33.746,0.0,trgw_2_29_15
trgw_2_29_15_20170831,33.702,0.0,trgw_2_29_15
trgw_2_29_15_20170930,33.701,0.0,trgw_2_29_15
trgw_2_29_15_20171031,33.721,0.0,trgw_2_29_15
trgw_2_29_15_20171130,33.768,0.0,trgw_2_29_15
trgw_2_29_15_20171231,33.855,0.0,trgw_2_29_15
trgw_2_2_15_20151231,34.236999999999995,0.0,trgw_2_2_15
trgw_2_2_15_20160131,34.349000000000004,0.0,trgw_2_2_15
trgw_2_2_15_20160229,34.39,0.0,trgw_2_2_15
trgw_2_2_15_20160331,34.384,0.0,trgw_2_2_15
trgw_2_2_15_20160430,34.343,0.0,trgw_2_2_15
trgw_2_2_15_20160531,34.269,0.0,trgw_2_2_15
trgw_2_2_15_20160630,34.211999999999996,0.0,trgw_2_2_15
trgw_2_2_15_20160731,34.152,0.0,trgw_2_2_15
trgw_2_2_15_20160831,34.078,0.0,trgw_2_2_15
trgw_2_2_15_20160930,34.025999999999996,0.0,trgw_2_2_15
trgw_2_2_15_20161031,34.028,0.0,trgw_2_2_15
trgw_2_2_15_20161130,34.085,0.0,trgw_2_2_15
trgw_2_2_15_20161231,34.138000000000005,0.0,trgw_2_2_15
trgw_2_2_15_20170131,34.272,0.0,trgw_2_2_15
trgw_2_2_15_20170228,34.309,0.0,trgw_2_2_15
trgw_2_2_15_20170331,34.299,0.0,trgw_2_2_15
trgw_2_2_15_20170430,34.248000000000005,0.0,trgw_2_2_15
trgw_2_2_15_20170531,34.167,0.0,trgw_2_2_15
trgw_2_2_15_20170630,34.083,0.0,trgw_2_2_15
trgw_2_2_15_20170731,34.001999999999995,0.0,trgw_2_2_15
trgw_2_2_15_20170831,33.908,0.0,trgw_2_2_15
trgw_2_2_15_20170930,33.875,0.0,trgw_2_2_15
trgw_2_2_15_20171031,33.914,0.0,trgw_2_2_15
trgw_2_2_15_20171130,33.993,0.0,trgw_2_2_15
trgw_2_2_15_20171231,34.126999999999995,0.0,trgw_2_2_15
trgw_2_2_9_20151231,34.355,0.0,trgw_2_2_9
trgw_2_2_9_20160131,34.477,5.0,trgw_2_2_9
trgw_2_2_9_20160229,34.524,5.0,trgw_2_2_9
trgw_2_2_9_20160331,34.52,5.0,trgw_2_2_9
trgw_2_2_9_20160430,34.473,5.0,trgw_2_2_9
trgw_2_2_9_20160531,34.393,5.0,trgw_2_2_9
trgw_2_2_9_20160630,34.317,5.0,trgw_2_2_9
trgw_2_2_9_20160731,34.24,5.0,trgw_2_2_9
trgw_2_2_9_20160831,34.150999999999996,5.0,trgw_2_2_9
trgw_2_2_9_20160930,34.095,5.0,trgw_2_2_9
trgw_2_2_9_20161031,34.093,5.0,trgw_2_2_9
trgw_2_2_9_20161130,34.149,5.0,trgw_2_2_9
trgw_2_2_9_20161231,34.208,5.0,trgw_2_2_9
trgw_2_2_9_20170131,34.371,0.0,trgw_2_2_9
trgw_2_2_9_20170228,34.416,0.0,trgw_2_2_9
trgw_2_2_9_20170331,34.405,0.0,trgw_2_2_9
trgw_2_2_9_20170430,34.345,0.0,trgw_2_2_9
trgw_2_2_9_20170531,34.251,0.0,trgw_2_2_9
trgw_2_2_9_20170630,34.165,0.0,trgw_2_2_9
trgw_2_2_9_20170731,34.071,0.0,trgw_2_2_9
trgw_2_2_9_20170831,33.976,0.0,trgw_2_2_9
trgw_2_2_9_20170930,33.943000000000005,0.0,trgw_2_2_9
trgw_2_2_9_20171031,33.972,0.0,trgw_2_2_9
trgw_2_2_9_20171130,34.05,0.0,trgw_2_2_9
trgw_2_2_9_20171231,34.198,0.0,trgw_2_2_9
trgw_2_33_7_20151231,33.984,0.0,trgw_2_33_7
trgw_2_33_7_20160131,34.095,5.0,trgw_2_33_7
trgw_2_33_7_20160229,34.144,5.0,trgw_2_33_7
trgw_2_33_7_20160331,34.143,5.0,trgw_2_33_7
trgw_2_33_7_20160430,34.055,5.0,trgw_2_33_7
trgw_2_33_7_20160531,33.986999999999995,5.0,trgw_2_33_7
trgw_2_33_7_20160630,33.92,5.0,trgw_2_33_7
trgw_2_33_7_20160731,33.844,5.0,trgw_2_33_7
trgw_2_33_7_20160831,33.741,5.0,trgw_2_33_7
trgw_2_33_7_20160930,33.684,5.0,trgw_2_33_7
trgw_2_33_7_20161031,33.667,5.0,trgw_2_33_7
trgw_2_33_7_20161130,33.701,5.0,trgw_2_33_7
trgw_2_33_7_20161231,33.769,5.0,trgw_2_33_7
trgw_2_33_7_20170131,33.933,0.0,trgw_2_33_7
trgw_2_33_7_20170228,33.99,0.0,trgw_2_33_7
trgw_2_33_7_20170331,33.995,0.0,trgw_2_33_7
trgw_2_33_7_20170430,33.937,0.0,trgw_2_33_7
trgw_2_33_7_20170531,33.861,0.0,trgw_2_33_7
trgw_2_33_7_20170630,33.798,0.0,trgw_2_33_7
trgw_2_33_7_20170731,33.753,0.0,trgw_2_33_7
trgw_2_33_7_20170831,33.701,0.0,trgw_2_33_7
trgw_2_33_7_20170930,33.659,0.0,trgw_2_33_7
trgw_2_33_7_20171031,33.671,0.0,trgw_2_33_7
trgw_2_33_7_20171130,33.738,0.0,trgw_2_33_7
trgw_2_33_7_20171231,33.868,0.0,trgw_2_33_7
trgw_2_34_10_20151231,33.853,0.0,trgw_2_34_10
trgw_2_34_10_20160131,33.946999999999996,0.0,trgw_2_34_10
trgw_2_34_10_20160229,33.979,0.0,trgw_2_34_10
trgw_2_34_10_20160331,33.946999999999996,0.0,trgw_2_34_10
trgw_2_34_10_20160430,33.853,0.0,trgw_2_34_10
trgw_2_34_10_20160531,33.787,0.0,trgw_2_34_10
trgw_2_34_10_20160630,33.748000000000005,0.0,trgw_2_34_10
trgw_2_34_10_20160731,33.711,0.0,trgw_2_34_10
trgw_2_34_10_20160831,33.646,0.0,trgw_2_34_10
trgw_2_34_10_20160930,33.628,0.0,trgw_2_34_10
trgw_2_34_10_20161031,33.649,0.0,trgw_2_34_10
trgw_2_34_10_20161130,33.69,0.0,trgw_2_34_10
trgw_2_34_10_20161231,33.744,0.0,trgw_2_34_10
trgw_2_34_10_20170131,33.876,0.0,trgw_2_34_10
trgw_2_34_10_20170228,33.898,0.0,trgw_2_34_10
trgw_2_34_10_20170331,33.891,0.0,trgw_2_34_10
trgw_2_34_10_20170430,33.843,0.0,trgw_2_34_10
trgw_2_34_10_20170531,33.783,0.0,trgw_2_34_10
trgw_2_34_10_20170630,33.736,0.0,trgw_2_34_10
trgw_2_34_10_20170731,33.693000000000005,0.0,trgw_2_34_10
trgw_2_34_10_20170831,33.618,0.0,trgw_2_34_10
trgw_2_34_10_20170930,33.603,0.0,trgw_2_34_10
trgw_2_34_10_20171031,33.635,0.0,trgw_2_34_10
trgw_2_34_10_20171130,33.702,0.0,trgw_2_34_10
trgw_2_34_10_20171231,33.813,0.0,trgw_2_34_10
trgw_2_3_8_20151231,34.378,0.0,trgw_2_3_8
trgw_2_3_8_20160131,34.514,0.0,trgw_2_3_8
trgw_2_3_8_20160229,34.559,0.0,trgw_2_3_8
trgw_2_3_8_20160331,34.549,0.0,trgw_2_3_8
trgw_2_3_8_20160430,34.495,0.0,trgw_2_3_8
trgw_2_3_8_20160531,34.408,0.0,trgw_2_3_8
trgw_2_3_8_20160630,34.328,0.0,trgw_2_3_8
trgw_2_3_8_20160731,34.245,0.0,trgw_2_3_8
trgw_2_3_8_20160831,34.152,0.0,trgw_2_3_8
trgw_2_3_8_20160930,34.098,0.0,trgw_2_3_8
trgw_2_3_8_20161031,34.101,0.0,trgw_2_3_8
trgw_2_3_8_20161130,34.164,0.0,trgw_2_3_8
trgw_2_3_8_20161231,34.227,0.0,trgw_2_3_8
trgw_2_3_8_20170131,34.407,0.0,trgw_2_3_8
trgw_2_3_8_20170228,34.446,0.0,trgw_2_3_8
trgw_2_3_8_20170331,34.427,0.0,trgw_2_3_8
trgw_2_3_8_20170430,34.357,0.0,trgw_2_3_8
trgw_2_3_8_20170531,34.255,0.0,trgw_2_3_8
trgw_2_3_8_20170630,34.166,0.0,trgw_2_3_8
trgw_2_3_8_20170731,34.068000000000005,0.0,trgw_2_3_8
trgw_2_3_8_20170831,33.973,0.0,trgw_2_3_8
trgw_2_3_8_20170930,33.946,0.0,trgw_2_3_8
trgw_2_3_8_20171031,33.981,0.0,trgw_2_3_8
trgw_2_3_8_20171130,34.068000000000005,0.0,trgw_2_3_8
trgw_2_3_8_20171231,34.228,0.0,trgw_2_3_8
trgw_2_9_1_20151231,34.571,0.0,trgw_2_9_1
trgw_2_9_1_20160131,34.748000000000005,0.0,trgw_2_9_1
trgw_2_9_1_20160229,34.786,0.0,trgw_2_9_1
trgw_2_9_1_20160331,34.765,0.0,trgw_2_9_1
trgw_2_9_1_20160430,34.69,0.0,trgw_2_9_1
trgw_2_9_1_20160531,34.576,0.0,trgw_2_9_1
trgw_2_9_1_20160630,34.467,0.0,trgw_2_9_1
trgw_2_9_1_20160731,34.361999999999995,0.0,trgw_2_9_1
trgw_2_9_1_20160831,34.245,0.0,trgw_2_9_1
trgw_2_9_1_20160930,34.192,0.0,trgw_2_9_1
trgw_2_9_1_20161031,34.208,0.0,trgw_2_9_1
trgw_2_9_1_20161130,34.287,0.0,trgw_2_9_1
trgw_2_9_1_20161231,34.363,0.0,trgw_2_9_1
trgw_2_9_1_20170131,34.614000000000004,0.0,trgw_2_9_1
trgw_2_9_1_20170228,34.635999999999996,0.0,trgw_2_9_1
trgw_2_9_1_20170331,34.598,0.0,trgw_2_9_1
trgw_2_9_1_20170430,34.501,0.0,trgw_2_9_1
trgw_2_9_1_20170531,34.376,0.0,trgw_2_9_1
trgw_2_9_1_20170630,34.292,0.0,trgw_2_9_1
trgw_2_9_1_20170731,34.183,0.0,trgw_2_9_1
trgw_2_9_1_20170831,34.094,0.0,trgw_2_9_1
trgw_2_9_1_20170930,34.083,0.0,trgw_2_9_1
trgw_2_9_1_20171031,34.118,0.0,trgw_2_9_1
trgw_2_9_1_20171130,34.211999999999996,0.0,trgw_2_9_1
trgw_2_9_1_20171231,34.406,0.0,trgw_2_9_1
